{"autoplayTransitionDelay":5,"author":"","timestamp":"2019-14-25 14:4:6","loopSlideshow":0,"filename":"CSS_курс_1.key","autoplayBuildDelay":2,"comment":"","title":"CSS_курс_1.key","showMode":0,"creator":"Apple Keynote 9.0.1","slideList":["6E3FF8AF-0414-4D92-9595-1F77DCDBC3EF","0BF07BAE-EA38-4521-A383-FE5CD035B048","E5C355B4-F3E5-4E17-B1D5-6DA01ABF0CA0","784CB081-DB37-4E48-8160-9B4D2A5EDC86","0B47424E-D83F-4A7D-99C0-FED00D6674FE","4D341704-0E62-4B4A-8EDD-8D083D7830D9","55CCB677-BFB0-4C94-A056-FD4A07434AF3","E665B358-25A1-4BCD-BA21-CE59E3631908","8D7983B1-CA6E-43DE-940B-DC402DB6CE9C","D9359471-B1D5-4618-B508-10B74B5E36C4","87FFAE05-98F6-4D5D-B928-788FF9DCE9C7"],"soundtrack":{"mode":0,"volume":1},"slideWidth":1920,"slideHeight":1080,"slideCount":11,"majorVersion":1,"minorVersion":2,"fonts":["Helvetica-Light","HelveticaNeue","PTSans-Regular","Helvetica-Oblique","Helvetica","Helvetica-Bold","GillSans","ArialMT"]}