{"autoplayTransitionDelay":5,"author":"","timestamp":"2019-49-15 18:4:9","loopSlideshow":0,"filename":"CSS_курс_1.key","autoplayBuildDelay":2,"comment":"","title":"CSS_курс_1.key","showMode":0,"creator":"Apple Keynote 9.0.1","slideList":["615F7CD4-E262-41F7-8138-806EC6AB1FAB","505DA7FD-635E-49CC-A783-E73DC5BACBAE","9A63352D-17BF-4F83-8071-B4B0BCE84D1F","BBFFB844-A665-4086-9CA6-94D9728ECB7C","54311A1A-E77F-4C6C-805E-552ADE908B38","7D503FA8-F6F9-4C7F-B998-86DDD713CA7E","F4D4A64A-4527-47E0-93EF-310641861F72"],"soundtrack":{"mode":0,"volume":1},"slideWidth":1920,"slideHeight":1080,"slideCount":7,"majorVersion":1,"minorVersion":2,"fonts":["Helvetica-Light","HelveticaNeue","PTSans-Regular","Helvetica-Oblique","Helvetica","Helvetica-Bold","GillSans","ArialMT"]}