{"autoplayTransitionDelay":5,"author":"","timestamp":"2019-24-2 19:7:7","loopSlideshow":0,"filename":"Презентация 9.key","autoplayBuildDelay":2,"comment":"","title":"Презентация 9.key","showMode":0,"creator":"Apple Keynote 9.0.2","slideList":["7D643FA7-9A1F-45A5-A30F-7828735F3C35","F03E0021-6DFD-4F0A-814F-B428AC4244B1","03A2237B-39F9-4504-911E-7E6D7FAE4790"],"soundtrack":{"mode":0,"volume":1},"slideWidth":1024,"slideHeight":768,"slideCount":3,"majorVersion":1,"minorVersion":2,"fonts":["Helvetica-Light","HelveticaNeue-Light","HelveticaNeue","HelveticaNeue-Italic","HelveticaNeue-Thin","Helvetica","HelveticaNeue-Bold","GillSans","HelveticaNeue-Medium"]}