{"autoplayTransitionDelay":5,"author":"","timestamp":"2019-59-2 18:5:9","loopSlideshow":0,"filename":"CSS_курс_2.key","autoplayBuildDelay":2,"comment":"","title":"CSS_курс_2.key","showMode":0,"creator":"Apple Keynote 9.0.1","slideList":["C02C10AE-3AD2-48F0-9F35-C5063F7FF179","B24D4803-92B4-4400-AE6E-5A19CC40E9D0"],"soundtrack":{"mode":0,"volume":1},"slideWidth":1920,"slideHeight":1080,"slideCount":2,"majorVersion":1,"minorVersion":2,"fonts":["Helvetica-Light","HelveticaNeue","Helvetica-Bold","Helvetica","PTSans-Regular","Helvetica-Oblique","GillSans","OCRAStd"]}