{"autoplayTransitionDelay":5,"author":"","timestamp":"2019-42-28 9:4:9","loopSlideshow":0,"filename":"CSS_презентация_неделя_2.key","autoplayBuildDelay":2,"comment":"","title":"CSS_презентация_неделя_2.key","showMode":0,"creator":"Apple Keynote 9.0.1","slideList":["C248725F-42E0-4AC6-ACAF-C711181227B8","C6ED649A-E8FE-4ACB-8900-BC926BA42473","5046A374-D913-4BE0-87B9-66BAA042ECB5","E8FBA1B3-7DD4-4201-AD9F-5DA1DE30839C","A9AF7B2E-8356-4F7C-8947-85FF7E147A2B","E2A6D4A3-6C01-4021-99BD-BF8C548DCBB8","6B24A4B7-0FED-445C-AFFF-5690884A94B6","BBD55E41-7CDA-4005-BAEA-CF2207FA7655","DEC32CE3-207C-422C-83E6-DA3685B89B66","E1ECF677-B9A8-4C8E-AC65-15D299C65AAE","2ED2967A-0B09-42F6-85C8-FC024E65162C","06DD29B8-92DC-4A42-8C49-C258FE1258E2"],"soundtrack":{"mode":0,"volume":1},"slideWidth":1024,"slideHeight":768,"slideCount":12,"majorVersion":1,"minorVersion":2,"fonts":["Consolas","Helvetica-Light","HelveticaNeue","HelveticaNeue-Light","HelveticaNeue-Italic","PTSans-Regular","Helvetica","HelveticaNeue-Bold","GillSans","HelveticaNeue-MediumItalic","HelveticaNeue-Medium"]}