{"autoplayTransitionDelay":5,"author":"","timestamp":"2019-17-13 3:7:8","loopSlideshow":0,"filename":"Презентация 9.key","autoplayBuildDelay":2,"comment":"","title":"Презентация 9.key","showMode":0,"creator":"Apple Keynote 9.0.2","slideList":["AE975408-A673-41C9-B901-3FAC10BFB6E9"],"soundtrack":{"mode":0,"volume":1},"slideWidth":1024,"slideHeight":768,"slideCount":1,"majorVersion":1,"minorVersion":2,"fonts":["Helvetica-Light","HelveticaNeue-Thin","HelveticaNeue-Bold","HelveticaNeue","HelveticaNeue-Italic","Helvetica","HelveticaNeue-Light","GillSans","HelveticaNeue-Medium"]}